{"cameraMode":{"drawMode":0,"name":"Shaded","section":"Shading Mode"},"sceneLighting":true,"audioPlay":false,"sceneViewState":{"showFog":true,"showMaterialUpdate":false,"showSkybox":true,"showFlares":true,"showImageEffects":true,"showParticleSystems":true,"showVisualEffectGraphs":true,"m_FxEnabled":true},"in2DMode":false,"pivot":{"x":-2.9993667602539064,"y":-12.780975341796875,"z":26.62796401977539},"rotation":{"x":0.3061336576938629,"y":-0.033117011189460757,"z":0.010656608268618584,"w":0.951352596282959},"size":27.828542709350587,"orthographic":false}